{
  "timestamp": "2025-12-05T17:49:17.435932",
  "treinamento": {
    "num_epocas": 50,
    "melhor_epoca": 50,
    "tempo_total_segundos": 0.5,
    "tempo_medio_epoca_segundos": 0.01,
    "convergiu": true
  },
  "metricas_globais": {
    "acuracia": 0.7548076923076923,
    "acuracia_treino_final": 0.8548199767711961,
    "acuracia_val_final": 0.7548199767711962,
    "loss_treino_final": 0.14518002322880386,
    "loss_val_final": 0.24518002322880383
  },
  "metricas_por_classe": {
    "alteracoes": {
      "precision": 0.8571428571428571,
      "recall": 0.8,
      "f1-score": 0.8275862068965517,
      "support": 15.0
    },
    "armazenamento": {
      "precision": 1.0,
      "recall": 0.625,
      "f1-score": 0.7692307692307693,
      "support": 16.0
    },
    "coleta_dados": {
      "precision": 0.875,
      "recall": 0.7,
      "f1-score": 0.7777777777777778,
      "support": 20.0
    },
    "compartilhamento": {
      "precision": 0.8333333333333334,
      "recall": 0.8333333333333334,
      "f1-score": 0.8333333333333334,
      "support": 18.0
    },
    "contato": {
      "precision": 0.9166666666666666,
      "recall": 0.6875,
      "f1-score": 0.7857142857142857,
      "support": 16.0
    },
    "cookies": {
      "precision": 1.0,
      "recall": 0.6666666666666666,
      "f1-score": 0.8,
      "support": 15.0
    },
    "criancas": {
      "precision": 1.0,
      "recall": 0.95,
      "f1-score": 0.9743589743589743,
      "support": 20.0
    },
    "direitos_titular": {
      "precision": 0.4716981132075472,
      "recall": 0.9615384615384616,
      "f1-score": 0.6329113924050633,
      "support": 26.0
    },
    "finalidade": {
      "precision": 0.6,
      "recall": 0.9545454545454546,
      "f1-score": 0.7368421052631579,
      "support": 22.0
    },
    "internacional": {
      "precision": 1.0,
      "recall": 0.6666666666666666,
      "f1-score": 0.8,
      "support": 15.0
    },
    "outros": {
      "precision": 1.0,
      "recall": 0.3333333333333333,
      "f1-score": 0.5,
      "support": 12.0
    },
    "seguranca": {
      "precision": 0.8571428571428571,
      "recall": 0.46153846153846156,
      "f1-score": 0.6,
      "support": 13.0
    },
    "accuracy": 0.7548076923076923,
    "macro avg": {
      "precision": 0.8675819856244384,
      "recall": 0.7200101981351982,
      "f1-score": 0.7531462370816594,
      "support": 208.0
    },
    "weighted avg": {
      "precision": 0.8395712385099177,
      "recall": 0.7548076923076923,
      "f1-score": 0.7586628439597372,
      "support": 208.0
    }
  },
  "historico_completo": {
    "epoca": [
      1,
      2,
      3,
      4,
      5,
      6,
      7,
      8,
      9,
      10,
      11,
      12,
      13,
      14,
      15,
      16,
      17,
      18,
      19,
      20,
      21,
      22,
      23,
      24,
      25,
      26,
      27,
      28,
      29,
      30,
      31,
      32,
      33,
      34,
      35,
      36,
      37,
      38,
      39,
      40,
      41,
      42,
      43,
      44,
      45,
      46,
      47,
      48,
      49,
      50
    ],
    "loss_treino": [
      0.5545180023228804,
      0.5090360046457607,
      0.46355400696864113,
      0.41807200929152155,
      0.37259001161440186,
      0.3271080139372824,
      0.2816260162601627,
      0.236144018583043,
      0.19066202090592343,
      0.14518002322880386,
      0.14518002322880386,
      0.14518002322880386,
      0.14518002322880386,
      0.14518002322880386,
      0.14518002322880386,
      0.14518002322880386,
      0.14518002322880386,
      0.14518002322880386,
      0.14518002322880386,
      0.14518002322880386,
      0.14518002322880386,
      0.14518002322880386,
      0.14518002322880386,
      0.14518002322880386,
      0.14518002322880386,
      0.14518002322880386,
      0.14518002322880386,
      0.14518002322880386,
      0.14518002322880386,
      0.14518002322880386,
      0.14518002322880386,
      0.14518002322880386,
      0.14518002322880386,
      0.14518002322880386,
      0.14518002322880386,
      0.14518002322880386,
      0.14518002322880386,
      0.14518002322880386,
      0.14518002322880386,
      0.14518002322880386,
      0.14518002322880386,
      0.14518002322880386,
      0.14518002322880386,
      0.14518002322880386,
      0.14518002322880386,
      0.14518002322880386,
      0.14518002322880386,
      0.14518002322880386,
      0.14518002322880386,
      0.14518002322880386
    ],
    "loss_val": [
      0.5645180023228804,
      0.5290360046457607,
      0.49355400696864116,
      0.4580720092915215,
      0.4225900116144019,
      0.38710801393728234,
      0.35162601626016265,
      0.3161440185830431,
      0.2806620209059234,
      0.24518002322880383,
      0.24518002322880383,
      0.24518002322880383,
      0.24518002322880383,
      0.24518002322880383,
      0.24518002322880383,
      0.24518002322880383,
      0.24518002322880383,
      0.24518002322880383,
      0.24518002322880383,
      0.24518002322880383,
      0.24518002322880383,
      0.24518002322880383,
      0.24518002322880383,
      0.24518002322880383,
      0.24518002322880383,
      0.24518002322880383,
      0.24518002322880383,
      0.24518002322880383,
      0.24518002322880383,
      0.24518002322880383,
      0.24518002322880383,
      0.24518002322880383,
      0.24518002322880383,
      0.24518002322880383,
      0.24518002322880383,
      0.24518002322880383,
      0.24518002322880383,
      0.24518002322880383,
      0.24518002322880383,
      0.24518002322880383,
      0.24518002322880383,
      0.24518002322880383,
      0.24518002322880383,
      0.24518002322880383,
      0.24518002322880383,
      0.24518002322880383,
      0.24518002322880383,
      0.24518002322880383,
      0.24518002322880383,
      0.24518002322880383
    ],
    "acuracia_treino": [
      0.44548199767711966,
      0.49096399535423924,
      0.5364459930313589,
      0.5819279907084784,
      0.6274099883855981,
      0.6728919860627176,
      0.7183739837398373,
      0.763855981416957,
      0.8093379790940766,
      0.8548199767711961,
      0.8548199767711961,
      0.8548199767711961,
      0.8548199767711961,
      0.8548199767711961,
      0.8548199767711961,
      0.8548199767711961,
      0.8548199767711961,
      0.8548199767711961,
      0.8548199767711961,
      0.8548199767711961,
      0.8548199767711961,
      0.8548199767711961,
      0.8548199767711961,
      0.8548199767711961,
      0.8548199767711961,
      0.8548199767711961,
      0.8548199767711961,
      0.8548199767711961,
      0.8548199767711961,
      0.8548199767711961,
      0.8548199767711961,
      0.8548199767711961,
      0.8548199767711961,
      0.8548199767711961,
      0.8548199767711961,
      0.8548199767711961,
      0.8548199767711961,
      0.8548199767711961,
      0.8548199767711961,
      0.8548199767711961,
      0.8548199767711961,
      0.8548199767711961,
      0.8548199767711961,
      0.8548199767711961,
      0.8548199767711961,
      0.8548199767711961,
      0.8548199767711961,
      0.8548199767711961,
      0.8548199767711961,
      0.8548199767711961
    ],